SL. NO.,YEAR,ROLL NO.,STUDENT NAME,STUDENT MOBILE NO.,STUDENT MAIL ID,PARENT NAME (FATHER),PARENT MOBILE NO.,PARENT MAIL ID,COURSE CODE,DEPARTMENT,MENTOR NAME,MENTOR EMAIL,MENTOR ID,TOTAL WORKING DAYS (AS ON 29/09/2026),TOTAL PRESENT DAYS,TOTAL ABSENT DAYS,ATTENDANCE PERCENTAGE,ELIGIBILITY STATUS
1,IV,7376232AD101,AATHINI S S,9138049653,aathini.ad23@bitsathy.ac.in,SURESH K,9966258719,7376232ad101.parent@bitsathy.ac.in,B. Tech.,ARTIFICIAL INTELLIGENCE AND DATA SCIENCE,Dr. PRABANAND S C AIDS,prabanandsc@bitsathy.ac.in,AD10936,84,73,11,86.90%,HIGH
2,IV,7376232AD102,ABDUL AHAD FAEZ M,9201293051,abdulahadfaez.ad23@bitsathy.ac.in,MOHAMMED A,9124614902,7376232ad102.parent@bitsathy.ac.in,B. Tech.,ARTIFICIAL INTELLIGENCE AND DATA SCIENCE,Dr. PRABANAND S C AIDS,prabanandsc@bitsathy.ac.in,AD10936,84,58,26,69.05%,MEDIUM
3,IV,7376232AD103,ABHIRAM G,9243871552,abhiram.ad23@bitsathy.ac.in,GANESH R,9006169114,7376232ad103.parent@bitsathy.ac.in,B. Tech.,ARTIFICIAL INTELLIGENCE AND DATA SCIENCE,Dr. PRABANAND S C AIDS,prabanandsc@bitsathy.ac.in,AD10936,84,81,3,96.43%,HIGH
4,IV,7376232AD104,ABINISHA A S,9418524616,abinisha.ad23@bitsathy.ac.in,ARUMUGAM S,9524739446,7376232ad104.parent@bitsathy.ac.in,B. Tech.,ARTIFICIAL INTELLIGENCE AND DATA SCIENCE,Dr. PRABANAND S C AIDS,prabanandsc@bitsathy.ac.in,AD10936,84,64,20,76.19%,MEDIUM
5,IV,7376232AD105,ADHISESHAN D M,9513340478,adhiseshan.ad23@bitsathy.ac.in,MURUGAN D,9465488469,7376232ad105.parent@bitsathy.ac.in,B. Tech.,ARTIFICIAL INTELLIGENCE AND DATA SCIENCE,Dr. PRABANAND S C AIDS,prabanandsc@bitsathy.ac.in,AD10936,84,52,32,61.90%,MEDIUM
6,IV,7376232AD106,AJITHA R,9033377165,ajitha.ad23@bitsathy.ac.in,RAVI K,9008867911,7376232ad106.parent@bitsathy.ac.in,B. Tech.,ARTIFICIAL INTELLIGENCE AND DATA SCIENCE,Dr. PRABANAND S C AIDS,prabanandsc@bitsathy.ac.in,AD10936,84,77,7,91.67%,HIGH
7,IV,7376232AD107,AKSHARA B K,9032913817,akshara.ad23@bitsathy.ac.in,KUMAR B,9704902871,7376232ad107.parent@bitsathy.ac.in,B. Tech.,ARTIFICIAL INTELLIGENCE AND DATA SCIENCE,Dr. PRABANAND S C AIDS,prabanandsc@bitsathy.ac.in,AD10936,84,69,15,82.14%,HIGH
8,IV,7376232AD108,ARAVINTH S K,9064427964,aravinthsk.ad23@bitsathy.ac.in,SIVAKUMAR K,9649109774,7376232ad108.parent@bitsathy.ac.in,B. Tech.,ARTIFICIAL INTELLIGENCE AND DATA SCIENCE,Dr. PRABANAND S C AIDS,prabanandsc@bitsathy.ac.in,AD10936,84,55,29,65.48%,MEDIUM
9,IV,7376232AD109,ARCHANA S,9088382471,archana.ad23@bitsathy.ac.in,SURESH P,9632270204,7376232ad109.parent@bitsathy.ac.in,B. Tech.,ARTIFICIAL INTELLIGENCE AND DATA SCIENCE,Dr. PRABANAND S C AIDS,prabanandsc@bitsathy.ac.in,AD10936,84,83,1,98.81%,HIGH
10,IV,7376232AD110,ARIKRISHNAN  R,9745204905,arikrishnan.ad23@bitsathy.ac.in,RAJENDRAN M,9530325649,7376232ad110.parent@bitsathy.ac.in,B. Tech.,ARTIFICIAL INTELLIGENCE AND DATA SCIENCE,Dr. PRABANAND S C AIDS,prabanandsc@bitsathy.ac.in,AD10936,84,61,23,72.62%,MEDIUM
11,IV,7376232AD111,ARUN N,9060719887,arun.ad23@bitsathy.ac.in,NATARAJAN S,9291321972,7376232ad111.parent@bitsathy.ac.in,B. Tech.,ARTIFICIAL INTELLIGENCE AND DATA SCIENCE,Dr. PRABANAND S C AIDS,prabanandsc@bitsathy.ac.in,AD10936,84,74,10,88.10%,HIGH
12,IV,7376232AD112,ASMA BANU I,9100447582,asmabanu.ad23@bitsathy.ac.in,IBRAHIM A,9716190229,7376232ad112.parent@bitsathy.ac.in,B. Tech.,ARTIFICIAL INTELLIGENCE AND DATA SCIENCE,Dr. PRABANAND S C AIDS,prabanandsc@bitsathy.ac.in,AD10936,84,50,34,59.52%,MEDIUM
13,IV,7376232AD113,ASWIN V K,9722520943,aswin.ad23@bitsathy.ac.in,VENKATESAN R,9417637958,7376232ad113.parent@bitsathy.ac.in,B. Tech.,ARTIFICIAL INTELLIGENCE AND DATA SCIENCE,Dr. PRABANAND S C AIDS,prabanandsc@bitsathy.ac.in,AD10936,84,68,16,80.95%,HIGH
14,IV,7376232AD114,ATHIDHYA J,9813197261,athidhya.ad23@bitsathy.ac.in,KANNAN M,9717058352,7376232ad114.parent@bitsathy.ac.in,B. Tech.,ARTIFICIAL INTELLIGENCE AND DATA SCIENCE,Dr. PRABANAND S C AIDS,prabanandsc@bitsathy.ac.in,AD10936,84,79,5,94.05%,HIGH
15,IV,7376232AD115,BAALA SANJAY S,9061887769,baalasanjay.ad23@bitsathy.ac.in,LAKSHMANAN P,9768355036,7376232ad115.parent@bitsathy.ac.in,B. Tech.,ARTIFICIAL INTELLIGENCE AND DATA SCIENCE,Dr. PRABANAND S C AIDS,prabanandsc@bitsathy.ac.in,AD10936,84,56,28,66.67%,MEDIUM
16,IV,7376232AD116,BHARATH L,9956733198,bharath.ad23@bitsathy.ac.in,BALAMURUGAN S,9177183581,7376232ad116.parent@bitsathy.ac.in,B. Tech.,ARTIFICIAL INTELLIGENCE AND DATA SCIENCE,Dr. PRABANAND S C AIDS,prabanandsc@bitsathy.ac.in,AD10936,84,82,2,97.62%,HIGH
17,IV,7376232AD117,BHARATH M B,9891101319,bharathmb.ad23@bitsathy.ac.in,RAMASAMY K,9995193446,7376232ad117.parent@bitsathy.ac.in,B. Tech.,ARTIFICIAL INTELLIGENCE AND DATA SCIENCE,Dr. PRABANAND S C AIDS,prabanandsc@bitsathy.ac.in,AD10936,84,83,1,98.81%,HIGH
18,IV,7376232AD118,BHARATH RAMASAMY KALIYANNAN,9899157276,bharathramasamy.ad23@bitsathy.ac.in,SELVAKUMAR R,9222490673,7376232ad118.parent@bitsathy.ac.in,B. Tech.,ARTIFICIAL INTELLIGENCE AND DATA SCIENCE,Dr. PRABANAND S C AIDS,prabanandsc@bitsathy.ac.in,AD10936,84,71,13,84.52%,HIGH
19,IV,7376232AD119,BHARATH S,9031036337,bharaths.ad23@bitsathy.ac.in,MANIKANDAN P,9362661093,7376232ad119.parent@bitsathy.ac.in,B. Tech.,ARTIFICIAL INTELLIGENCE AND DATA SCIENCE,Dr. PRABANAND S C AIDS,prabanandsc@bitsathy.ac.in,AD10936,84,54,30,64.29%,MEDIUM
20,IV,7376232AD120,BOOBESHRAJ R,9782868307,boobeshraj.ad23@bitsathy.ac.in,PALANIVEL S,9426052998,7376232ad120.parent@bitsathy.ac.in,B. Tech.,ARTIFICIAL INTELLIGENCE AND DATA SCIENCE,Dr. PRABANAND S C AIDS,prabanandsc@bitsathy.ac.in,AD10936,84,76,8,90.48%,HIGH
21,IV,7376232AD121,CHARUMATHI S,9546103731,charumathi.ad23@bitsathy.ac.in,RAJESH K,9618045086,7376232ad121.parent@bitsathy.ac.in,B. Tech.,ARTIFICIAL INTELLIGENCE AND DATA SCIENCE,Dr. PRABANAND S C AIDS,prabanandsc@bitsathy.ac.in,AD10936,84,60,24,71.43%,MEDIUM
22,IV,7376232AD122,DARMESH M,9378648472,darmesh.ad23@bitsathy.ac.in,SARAVANAN M,9005304531,7376232ad122.parent@bitsathy.ac.in,B. Tech.,ARTIFICIAL INTELLIGENCE AND DATA SCIENCE,Mrs. JEEVITHA S V AIDS,jeevithasv@bitsathy.ac.in,AD11042,84,84,0,100.00%,HIGH
23,IV,7376232AD123,DARSHANA S,9788734074,darshana.ad23@bitsathy.ac.in,GOPAL R,9903467411,7376232ad123.parent@bitsathy.ac.in,B. Tech.,ARTIFICIAL INTELLIGENCE AND DATA SCIENCE,Mrs. JEEVITHA S V AIDS,jeevithasv@bitsathy.ac.in,AD11042,84,67,17,79.76%,MEDIUM
24,IV,7376232AD124,DARSHANA R,9585110975,darshanaramesh.ad23@bitsathy.ac.in,DINESH P,9339584406,7376232ad124.parent@bitsathy.ac.in,B. Tech.,ARTIFICIAL INTELLIGENCE AND DATA SCIENCE,Mrs. JEEVITHA S V AIDS,jeevithasv@bitsathy.ac.in,AD11042,84,53,31,63.10%,MEDIUM
25,IV,7376232AD125,DEEPSIKA R D,9300367708,deepsika.ad23@bitsathy.ac.in,SENTHILKUMAR S,9322439068,7376232ad125.parent@bitsathy.ac.in,B. Tech.,ARTIFICIAL INTELLIGENCE AND DATA SCIENCE,Mrs. JEEVITHA S V AIDS,jeevithasv@bitsathy.ac.in,AD11042,84,78,6,92.86%,HIGH
26,IV,7376232AD126,DHANUSREE K,9237465767,dhanusree.ad23@bitsathy.ac.in,MUTHUKUMAR R,9443749403,7376232ad126.parent@bitsathy.ac.in,B. Tech.,ARTIFICIAL INTELLIGENCE AND DATA SCIENCE,Mrs. JEEVITHA S V AIDS,jeevithasv@bitsathy.ac.in,AD11042,84,62,22,73.81%,MEDIUM
27,IV,7376232AD127,DHANVARSHINI V,9514038465,dhanvarshini.ad23@bitsathy.ac.in,PRABHU K,9896686177,7376232ad127.parent@bitsathy.ac.in,B. Tech.,ARTIFICIAL INTELLIGENCE AND DATA SCIENCE,Mrs. JEEVITHA S V AIDS,jeevithasv@bitsathy.ac.in,AD11042,84,70,14,83.33%,HIGH
28,IV,7376232AD128,DHARANISH G P,9381705902,dharanish.ad23@bitsathy.ac.in,SATHISH M,9736307316,7376232ad128.parent@bitsathy.ac.in,B. Tech.,ARTIFICIAL INTELLIGENCE AND DATA SCIENCE,Mrs. JEEVITHA S V AIDS,jeevithasv@bitsathy.ac.in,AD11042,84,57,27,67.86%,MEDIUM
29,IV,7376232AD129,DHARSAN D R,9771497264,dharsan.ad23@bitsathy.ac.in,ELANGOVAN P,9389367893,7376232ad129.parent@bitsathy.ac.in,B. Tech.,ARTIFICIAL INTELLIGENCE AND DATA SCIENCE,Mrs. JEEVITHA S V AIDS,jeevithasv@bitsathy.ac.in,AD11042,84,80,4,95.24%,HIGH
30,IV,7376232AD130,DHARSHINI S,9516283209,dharshini.ad23@bitsathy.ac.in,JAYAKUMAR S,9459951665,7376232ad130.parent@bitsathy.ac.in,B. Tech.,ARTIFICIAL INTELLIGENCE AND DATA SCIENCE,Mrs. JEEVITHA S V AIDS,jeevithasv@bitsathy.ac.in,AD11042,84,65,19,77.38%,MEDIUM
31,IV,7376232AD131,DHARSINI V B,9168115485,dharsini.ad23@bitsathy.ac.in,RAMESH K,9247099912,7376232ad131.parent@bitsathy.ac.in,B. Tech.,ARTIFICIAL INTELLIGENCE AND DATA SCIENCE,Mrs. JEEVITHA S V AIDS,jeevithasv@bitsathy.ac.in,AD11042,84,51,33,60.71%,MEDIUM
32,IV,7376232AD132,DHASARATHAN B,9086136888,dhasarathan.ad23@bitsathy.ac.in,ARUNACHALAM M,9937776427,7376232ad132.parent@bitsathy.ac.in,B. Tech.,ARTIFICIAL INTELLIGENCE AND DATA SCIENCE,Mrs. JEEVITHA S V AIDS,jeevithasv@bitsathy.ac.in,AD11042,84,75,9,89.29%,HIGH
33,IV,7376232AD133,DHUSYANANTH R,9887356841,dhusyananth.ad23@bitsathy.ac.in,SUNDARAM R,9597512185,7376232ad133.parent@bitsathy.ac.in,B. Tech.,ARTIFICIAL INTELLIGENCE AND DATA SCIENCE,Mrs. JEEVITHA S V AIDS,jeevithasv@bitsathy.ac.in,AD11042,84,59,25,70.24%,MEDIUM
34,IV,7376232AD134,DINESHBALAN B,9394695409,dineshbalan.ad23@bitsathy.ac.in,CHANDRASEKAR P,9547198258,7376232ad134.parent@bitsathy.ac.in,B. Tech.,ARTIFICIAL INTELLIGENCE AND DATA SCIENCE,Mrs. JEEVITHA S V AIDS,jeevithasv@bitsathy.ac.in,AD11042,84,66,18,78.57%,MEDIUM
35,IV,7376232AD135,DIWAKAR R M,9902353170,diwakar.ad23@bitsathy.ac.in,SUBRAMANI S,9406599801,7376232ad135.parent@bitsathy.ac.in,B. Tech.,ARTIFICIAL INTELLIGENCE AND DATA SCIENCE,Mrs. JEEVITHA S V AIDS,jeevithasv@bitsathy.ac.in,AD11042,84,82,2,97.62%,HIGH
36,IV,7376232AD136,GAYATHRI  S S,9067447067,gayathri.ad23@bitsathy.ac.in,GUNASEKARAN K,9761223965,7376232ad136.parent@bitsathy.ac.in,B. Tech.,ARTIFICIAL INTELLIGENCE AND DATA SCIENCE,Mrs. JEEVITHA S V AIDS,jeevithasv@bitsathy.ac.in,AD11042,84,54,30,64.29%,MEDIUM
37,IV,7376232AD137,GIRI PRASATH G A,9577138679,giriprasath.ad23@bitsathy.ac.in,KARTHIKEYAN R,9079191537,7376232ad137.parent@bitsathy.ac.in,B. Tech.,ARTIFICIAL INTELLIGENCE AND DATA SCIENCE,Mrs. JEEVITHA S V AIDS,jeevithasv@bitsathy.ac.in,AD11042,84,73,11,86.90%,HIGH
38,IV,7376232AD138,GOBIKA T,9823252803,gobika.ad23@bitsathy.ac.in,MOHAN P,9816802022,7376232ad138.parent@bitsathy.ac.in,B. Tech.,ARTIFICIAL INTELLIGENCE AND DATA SCIENCE,Mrs. JEEVITHA S V AIDS,jeevithasv@bitsathy.ac.in,AD11042,84,61,23,72.62%,MEDIUM
39,IV,7376232AD139,GOKUL DEEPA MOORTHY N,9869579168,gokuldeepamoorthy.ad23@bitsathy.ac.in,MURUGAN S,9707906946,7376232ad139.parent@bitsathy.ac.in,B. Tech.,ARTIFICIAL INTELLIGENCE AND DATA SCIENCE,Mrs. JEEVITHA S V AIDS,jeevithasv@bitsathy.ac.in,AD11042,84,78,6,92.86%,HIGH
40,IV,7376232AD140,GOKUL PRASAD S,9982262088,gokulprasad.ad23@bitsathy.ac.in,KANNAN V,9824350556,7376232ad140.parent@bitsathy.ac.in,B. Tech.,ARTIFICIAL INTELLIGENCE AND DATA SCIENCE,Mrs. JEEVITHA S V AIDS,jeevithasv@bitsathy.ac.in,AD11042,84,50,34,59.52%,MEDIUM
41,IV,7376232AD141,GOWRIPRASATH VENKATACHALAM,9550302681,gowriprasath.ad23@bitsathy.ac.in,SURESH M,9025571275,7376232ad141.parent@bitsathy.ac.in,B. Tech.,ARTIFICIAL INTELLIGENCE AND DATA SCIENCE,Mrs. JEEVITHA S V AIDS,jeevithasv@bitsathy.ac.in,AD11042,84,69,15,82.14%,HIGH
42,IV,7376232AD142,B S GURUBARAN,9335723067,gurubaran.ad23@bitsathy.ac.in,RAJENDRAN K,9311039317,7376232ad142.parent@bitsathy.ac.in,B. Tech.,ARTIFICIAL INTELLIGENCE AND DATA SCIENCE,Mrs. JEEVITHA S V AIDS,jeevithasv@bitsathy.ac.in,AD11042,84,84,0,100.00%,HIGH
43,IV,7376232AD143,GURUNISHA S,9338436846,gurunisha.ad23@bitsathy.ac.in,GANESAN P,9780901931,7376232ad143.parent@bitsathy.ac.in,B. Tech.,ARTIFICIAL INTELLIGENCE AND DATA SCIENCE,Mrs. JEEVITHA S V AIDS,jeevithasv@bitsathy.ac.in,AD11042,84,56,28,66.67%,MEDIUM
44,IV,7376232AD144,HARI GANESSH  P S,9524908632,hariganessh.ad23@bitsathy.ac.in,RAVI S,9001030339,7376232ad144.parent@bitsathy.ac.in,B. Tech.,ARTIFICIAL INTELLIGENCE AND DATA SCIENCE,Mrs. JEEVITHA S V AIDS,jeevithasv@bitsathy.ac.in,AD11042,84,72,12,85.71%,HIGH
45,IV,7376232AD145,HARIKESH M,9800260065,harikeshm.ad23@bitsathy.ac.in,KUMAR R,9578191006,7376232ad145.parent@bitsathy.ac.in,B. Tech.,ARTIFICIAL INTELLIGENCE AND DATA SCIENCE,Mrs. JEEVITHA S V AIDS,jeevithasv@bitsathy.ac.in,AD11042,84,63,21,75.00%,MEDIUM
46,IV,7376232AD146,HARINI M,9303694435,harinim.ad23@bitsathy.ac.in,SIVANANDAM M,9864783309,7376232ad146.parent@bitsathy.ac.in,B. Tech.,ARTIFICIAL INTELLIGENCE AND DATA SCIENCE,Mrs. JEEVITHA S V AIDS,jeevithasv@bitsathy.ac.in,AD11042,84,81,3,96.43%,HIGH
47,IV,7376232AD147,HARINI S,9648670570,harini.ad23@bitsathy.ac.in,BALAJI K,9242633108,7376232ad147.parent@bitsathy.ac.in,B. Tech.,ARTIFICIAL INTELLIGENCE AND DATA SCIENCE,Dr. KODIESWARI A AIML,kodieswaria@bitsathy.ac.in,AD2241,84,55,29,65.48%,MEDIUM
48,IV,7376232AD148,HARINIPEN V,9200029393,harinipen.ad23@bitsathy.ac.in,MANOHARAN P,9230963607,7376232ad148.parent@bitsathy.ac.in,B. Tech.,ARTIFICIAL INTELLIGENCE AND DATA SCIENCE,Dr. KODIESWARI A AIML,kodieswaria@bitsathy.ac.in,AD2241,84,67,17,79.76%,MEDIUM
49,IV,7376232AD149,HARINISRI B,9060492665,harinisri.ad23@bitsathy.ac.in,VENUGOPAL S,9990952629,7376232ad149.parent@bitsathy.ac.in,B. Tech.,ARTIFICIAL INTELLIGENCE AND DATA SCIENCE,Dr. KODIESWARI A AIML,kodieswaria@bitsathy.ac.in,AD2241,84,74,10,88.10%,HIGH
50,IV,7376232AD150,HARIPRASATH C,9431769129,hariprasathc.ad23@bitsathy.ac.in,SELVAM R,9740838767,7376232ad150.parent@bitsathy.ac.in,B. Tech.,ARTIFICIAL INTELLIGENCE AND DATA SCIENCE,Dr. KODIESWARI A AIML,kodieswaria@bitsathy.ac.in,AD2241,84,52,32,61.90%,MEDIUM
51,IV,7376232AD151,HARIPRIYA P,9339015521,haripriya.ad23@bitsathy.ac.in,THANGAVEL K,9302269614,7376232ad151.parent@bitsathy.ac.in,B. Tech.,ARTIFICIAL INTELLIGENCE AND DATA SCIENCE,Dr. KODIESWARI A AIML,kodieswaria@bitsathy.ac.in,AD2241,84,79,5,94.05%,HIGH
52,IV,7376232AD152,HARISH  R,9086352518,harishr.ad23@bitsathy.ac.in,PALANISAMY M,9656818471,7376232ad152.parent@bitsathy.ac.in,B. Tech.,ARTIFICIAL INTELLIGENCE AND DATA SCIENCE,Dr. KODIESWARI A AIML,kodieswaria@bitsathy.ac.in,AD2241,84,60,24,71.43%,MEDIUM
53,IV,7376232AD153,HARIVARDHINI S,9687869590,harivardhinis.ad23@bitsathy.ac.in,ARIVAZHAGAN P,9550024754,7376232ad153.parent@bitsathy.ac.in,B. Tech.,ARTIFICIAL INTELLIGENCE AND DATA SCIENCE,Dr. KODIESWARI A AIML,kodieswaria@bitsathy.ac.in,AD2241,84,83,1,98.81%,HIGH
54,IV,7376232AD154,HARSHAN T,9733977896,harshan.ad23@bitsathy.ac.in,DEVARAJ S,9112617623,7376232ad154.parent@bitsathy.ac.in,B. Tech.,ARTIFICIAL INTELLIGENCE AND DATA SCIENCE,Dr. KODIESWARI A AIML,kodieswaria@bitsathy.ac.in,AD2241,84,58,26,69.05%,MEDIUM
55,IV,7376232AD155,HARSHIKA  M,9729582812,harshika.ad23@bitsathy.ac.in,RANGARAJAN K,9528710105,7376232ad155.parent@bitsathy.ac.in,B. Tech.,ARTIFICIAL INTELLIGENCE AND DATA SCIENCE,Dr. KODIESWARI A AIML,kodieswaria@bitsathy.ac.in,AD2241,84,71,13,84.52%,HIGH
56,IV,7376232AD156,INDIRA G,9830782129,indira.ad23@bitsathy.ac.in,NAGARAJAN R,9239160475,7376232ad156.parent@bitsathy.ac.in,B. Tech.,ARTIFICIAL INTELLIGENCE AND DATA SCIENCE,Dr. KODIESWARI A AIML,kodieswaria@bitsathy.ac.in,AD2241,84,64,20,76.19%,MEDIUM
57,IV,7376232AD157,ISHWARYA  R,9351243520,ishwarya.ad23@bitsathy.ac.in,SATHYAN M,9798691057,7376232ad157.parent@bitsathy.ac.in,B. Tech.,ARTIFICIAL INTELLIGENCE AND DATA SCIENCE,Dr. KODIESWARI A AIML,kodieswaria@bitsathy.ac.in,AD2241,84,76,8,90.48%,HIGH
58,IV,7376232AD158,JAGADISHWARAN K,9580679719,jagadishwaran.ad23@bitsathy.ac.in,VIJAYAKUMAR P,9222676596,7376232ad158.parent@bitsathy.ac.in,B. Tech.,ARTIFICIAL INTELLIGENCE AND DATA SCIENCE,Dr. KODIESWARI A AIML,kodieswaria@bitsathy.ac.in,AD2241,84,53,31,63.10%,MEDIUM
59,IV,7376232AD159,JAI AKASH A,9347076394,jaiakash.ad23@bitsathy.ac.in,GOPINATH S,9791253869,7376232ad159.parent@bitsathy.ac.in,B. Tech.,ARTIFICIAL INTELLIGENCE AND DATA SCIENCE,Dr. KODIESWARI A AIML,kodieswaria@bitsathy.ac.in,AD2241,84,68,16,80.95%,HIGH
60,IV,7376232AD160,JAI AKASH S,9788733766,jaiakashs.ad23@bitsathy.ac.in,SURESH V,9582476964,7376232ad160.parent@bitsathy.ac.in,B. Tech.,ARTIFICIAL INTELLIGENCE AND DATA SCIENCE,Dr. KODIESWARI A AIML,kodieswaria@bitsathy.ac.in,AD2241,84,80,4,95.24%,HIGH
61,IV,7376232AD161,JAISRE R,9462979550,jaisre.ad23@bitsathy.ac.in,KUMAR M,9329990659,7376232ad161.parent@bitsathy.ac.in,B. Tech.,ARTIFICIAL INTELLIGENCE AND DATA SCIENCE,Dr. KODIESWARI A AIML,kodieswaria@bitsathy.ac.in,AD2241,84,57,27,67.86%,MEDIUM
62,IV,7376232AD162,JANARTHANAN M,9660093426,janarthanan.ad23@bitsathy.ac.in,RAJARAM K,9706771990,7376232ad162.parent@bitsathy.ac.in,B. Tech.,ARTIFICIAL INTELLIGENCE AND DATA SCIENCE,Dr. KODIESWARI A AIML,kodieswaria@bitsathy.ac.in,AD2241,84,75,9,89.29%,HIGH
63,IV,7376232AD163,JEEVA M I,9843872967,jeeva.ad23@bitsathy.ac.in,MUTHUSAMY R,9302686164,7376232ad163.parent@bitsathy.ac.in,B. Tech.,ARTIFICIAL INTELLIGENCE AND DATA SCIENCE,Dr. KODIESWARI A AIML,kodieswaria@bitsathy.ac.in,AD2241,84,62,22,73.81%,MEDIUM
64,IV,7376232AD164,JEEVITHA S,9309646787,jeevitha.ad23@bitsathy.ac.in,PERUMAL P,9694861154,7376232ad164.parent@bitsathy.ac.in,B. Tech.,ARTIFICIAL INTELLIGENCE AND DATA SCIENCE,Dr. KODIESWARI A AIML,kodieswaria@bitsathy.ac.in,AD2241,84,51,33,60.71%,MEDIUM
65,IV,7376232AD165,JEYALAKSHMI M,9506889044,jeyalakshmi.ad23@bitsathy.ac.in,KATHIRVEL S,9782068663,7376232ad165.parent@bitsathy.ac.in,B. Tech.,ARTIFICIAL INTELLIGENCE AND DATA SCIENCE,Dr. KODIESWARI A AIML,kodieswaria@bitsathy.ac.in,AD2241,84,84,0,100.00%,HIGH
66,IV,7376232AD166,JEYASHREE  B,9859740560,jeyashree.ad23@bitsathy.ac.in,SANKAR K,9140468442,7376232ad166.parent@bitsathy.ac.in,B. Tech.,ARTIFICIAL INTELLIGENCE AND DATA SCIENCE,Dr. KODIESWARI A AIML,kodieswaria@bitsathy.ac.in,AD2241,84,70,14,83.33%,HIGH
67,IV,7376232AD167,JHAI PRANESH T,9480941801,jhaipranesh.ad23@bitsathy.ac.in,NARAYANAN M,9769324580,7376232ad167.parent@bitsathy.ac.in,B. Tech.,ARTIFICIAL INTELLIGENCE AND DATA SCIENCE,Dr. KODIESWARI A AIML,kodieswaria@bitsathy.ac.in,AD2241,84,59,25,70.24%,MEDIUM
68,IV,7376232AD168,JIVI SOWMYA J,9655863257,jivisowmya.ad23@bitsathy.ac.in,RAVICHANDRAN P,9799428122,7376232ad168.parent@bitsathy.ac.in,B. Tech.,ARTIFICIAL INTELLIGENCE AND DATA SCIENCE,Dr. KODIESWARI A AIML,kodieswaria@bitsathy.ac.in,AD2241,84,77,7,91.67%,HIGH
69,IV,7376232AD169,JOGITHA R S,9288112051,jogitha.ad23@bitsathy.ac.in,CHANDRAN S,9699475328,7376232ad169.parent@bitsathy.ac.in,B. Tech.,ARTIFICIAL INTELLIGENCE AND DATA SCIENCE,Dr. KODIESWARI A AIML,kodieswaria@bitsathy.ac.in,AD2241,84,65,19,77.38%,MEDIUM
70,IV,7376232AD170,KALEESWARAN M,9140462069,kaleeswaran.ad23@bitsathy.ac.in,VELMURUGAN R,9338972101,7376232ad170.parent@bitsathy.ac.in,B. Tech.,ARTIFICIAL INTELLIGENCE AND DATA SCIENCE,Dr. KODIESWARI A AIML,kodieswaria@bitsathy.ac.in,AD2241,84,54,30,64.29%,MEDIUM
71,IV,7376232AD171,KAMALESH KUMAR J,9819776610,kamaleshkumar.ad23@bitsathy.ac.in,ANAND K,9884019331,7376232ad171.parent@bitsathy.ac.in,B. Tech.,ARTIFICIAL INTELLIGENCE AND DATA SCIENCE,Dr. KODIESWARI A AIML,kodieswaria@bitsathy.ac.in,AD2241,84,81,3,96.43%,HIGH
72,IV,7376232AD172,KAMATCHI A,9938571024,kamatchi.ad23@bitsathy.ac.in,ASHOK M,9117293336,7376232ad172.parent@bitsathy.ac.in,B. Tech.,ARTIFICIAL INTELLIGENCE AND DATA SCIENCE,Mr. PREMKUMAR C AIDS,premkumar@bitsathy.ac.in,AD11069,84,60,24,71.43%,MEDIUM
73,IV,7376232AD173,KANISHKA SHREE R M,9658811595,kanishkashree.ad23@bitsathy.ac.in,BABU P,9608222745,7376232ad173.parent@bitsathy.ac.in,B. Tech.,ARTIFICIAL INTELLIGENCE AND DATA SCIENCE,Mr. PREMKUMAR C AIDS,premkumar@bitsathy.ac.in,AD11069,84,73,11,86.90%,HIGH
74,IV,7376232AD174,KANTHAVEL A,9449303897,kanthavel.ad23@bitsathy.ac.in,DURAIRAJ S,9320741253,7376232ad174.parent@bitsathy.ac.in,B. Tech.,ARTIFICIAL INTELLIGENCE AND DATA SCIENCE,Mr. PREMKUMAR C AIDS,premkumar@bitsathy.ac.in,AD11069,84,52,32,61.90%,MEDIUM
75,IV,7376232AD175,KAPILAN C,9999956923,kapilan.ad23@bitsathy.ac.in,SEKAR K,9785794804,7376232ad175.parent@bitsathy.ac.in,B. Tech.,ARTIFICIAL INTELLIGENCE AND DATA SCIENCE,Mr. PREMKUMAR C AIDS,premkumar@bitsathy.ac.in,AD11069,84,68,16,80.95%,HIGH
76,IV,7376232AD176,KARTHIKEYAN R,9756266158,karthikeyan.ad23@bitsathy.ac.in,RAJIV R,9749951542,7376232ad176.parent@bitsathy.ac.in,B. Tech.,ARTIFICIAL INTELLIGENCE AND DATA SCIENCE,Mr. PREMKUMAR C AIDS,premkumar@bitsathy.ac.in,AD11069,84,79,5,94.05%,HIGH
77,IV,7376232AD177,KARUNAKARAN N,9458113834,karunakaran.ad23@bitsathy.ac.in,PANDIAN M,9993228202,7376232ad177.parent@bitsathy.ac.in,B. Tech.,ARTIFICIAL INTELLIGENCE AND DATA SCIENCE,Mr. PREMKUMAR C AIDS,premkumar@bitsathy.ac.in,AD11069,84,63,21,75.00%,MEDIUM
78,IV,7376232AD178,KAUSHIK J B,9597449448,kaushik.ad23@bitsathy.ac.in,MANI P,9131560007,7376232ad178.parent@bitsathy.ac.in,B. Tech.,ARTIFICIAL INTELLIGENCE AND DATA SCIENCE,Mr. PREMKUMAR C AIDS,premkumar@bitsathy.ac.in,AD11069,84,56,28,66.67%,MEDIUM
79,IV,7376232AD179,KAVIN D,9866651607,kavin.ad23@bitsathy.ac.in,MURALI S,9653765678,7376232ad179.parent@bitsathy.ac.in,B. Tech.,ARTIFICIAL INTELLIGENCE AND DATA SCIENCE,Mr. PREMKUMAR C AIDS,premkumar@bitsathy.ac.in,AD11069,84,82,2,97.62%,HIGH
80,IV,7376232AD180,KAVINIGAANTH  B,9929197928,kavinigaanth.ad23@bitsathy.ac.in,SIVARAJ K,9403152225,7376232ad180.parent@bitsathy.ac.in,B. Tech.,ARTIFICIAL INTELLIGENCE AND DATA SCIENCE,Mr. PREMKUMAR C AIDS,premkumar@bitsathy.ac.in,AD11069,84,71,13,84.52%,HIGH
81,IV,7376232AD181,KIRUTHIKA R,9245548127,kiruthika.ad23@bitsathy.ac.in,KUPPUSAMY R,9863843742,7376232ad181.parent@bitsathy.ac.in,B. Tech.,ARTIFICIAL INTELLIGENCE AND DATA SCIENCE,Mr. PREMKUMAR C AIDS,premkumar@bitsathy.ac.in,AD11069,84,50,34,59.52%,MEDIUM
82,IV,7376232AD182,KISHORE M,9815509639,kishore.ad23@bitsathy.ac.in,KALIAPPAN M,9918143728,7376232ad182.parent@bitsathy.ac.in,B. Tech.,ARTIFICIAL INTELLIGENCE AND DATA SCIENCE,Mr. PREMKUMAR C AIDS,premkumar@bitsathy.ac.in,AD11069,84,74,10,88.10%,HIGH
83,IV,7376232AD183,LAKSHANA B,9256322627,lakshana.ad23@bitsathy.ac.in,SHANMUGAM P,9303155792,7376232ad183.parent@bitsathy.ac.in,B. Tech.,ARTIFICIAL INTELLIGENCE AND DATA SCIENCE,Mr. PREMKUMAR C AIDS,premkumar@bitsathy.ac.in,AD11069,84,66,18,78.57%,MEDIUM
84,IV,7376232AD184,LATHISH M,9837517406,lathish.ad23@bitsathy.ac.in,PARAMASIVAM S,9714875281,7376232ad184.parent@bitsathy.ac.in,B. Tech.,ARTIFICIAL INTELLIGENCE AND DATA SCIENCE,Mr. PREMKUMAR C AIDS,premkumar@bitsathy.ac.in,AD11069,84,58,26,69.05%,MEDIUM
85,IV,7376232AD185,LEDIA ROSELINE S,9904311468,lediaroseline.ad23@bitsathy.ac.in,NATARAJ K,9246491498,7376232ad185.parent@bitsathy.ac.in,B. Tech.,ARTIFICIAL INTELLIGENCE AND DATA SCIENCE,Mr. PREMKUMAR C AIDS,premkumar@bitsathy.ac.in,AD11069,84,83,1,98.81%,HIGH
86,IV,7376232AD186,MADHAN G,9390864481,madhan.ad23@bitsathy.ac.in,VELU R,9738977647,7376232ad186.parent@bitsathy.ac.in,B. Tech.,ARTIFICIAL INTELLIGENCE AND DATA SCIENCE,Mr. PREMKUMAR C AIDS,premkumar@bitsathy.ac.in,AD11069,84,61,23,72.62%,MEDIUM
87,IV,7376232AD187,MADHUMITHA M,9949082586,madhumitha.ad23@bitsathy.ac.in,RATHINAM M,9507693729,7376232ad187.parent@bitsathy.ac.in,B. Tech.,ARTIFICIAL INTELLIGENCE AND DATA SCIENCE,Mr. PREMKUMAR C AIDS,premkumar@bitsathy.ac.in,AD11069,84,77,7,91.67%,HIGH
88,IV,7376232AD188,MADUMITHA G,9391358082,madumitha.ad23@bitsathy.ac.in,RAMAN P,9376768483,7376232ad188.parent@bitsathy.ac.in,B. Tech.,ARTIFICIAL INTELLIGENCE AND DATA SCIENCE,Mr. PREMKUMAR C AIDS,premkumar@bitsathy.ac.in,AD11069,84,55,29,65.48%,MEDIUM
89,IV,7376232AD189,MAGESH KANNAN K,9344002254,mageshkannan.ad23@bitsathy.ac.in,KRISHNAMURTHY S,9252995114,7376232ad189.parent@bitsathy.ac.in,B. Tech.,ARTIFICIAL INTELLIGENCE AND DATA SCIENCE,Mr. PREMKUMAR C AIDS,premkumar@bitsathy.ac.in,AD11069,84,69,15,82.14%,HIGH
90,IV,7376232AD190,MAHALAKSHMI K,9390381983,mahalakshmi.ad23@bitsathy.ac.in,SOMASUNDARAM K,9604972861,7376232ad190.parent@bitsathy.ac.in,B. Tech.,ARTIFICIAL INTELLIGENCE AND DATA SCIENCE,Mr. PREMKUMAR C AIDS,premkumar@bitsathy.ac.in,AD11069,84,80,4,95.24%,HIGH
91,IV,7376232AD191,MAHAVISHNU K,9152604425,mahavishnu.ad23@bitsathy.ac.in,SUNDAR R,9785353752,7376232ad191.parent@bitsathy.ac.in,B. Tech.,ARTIFICIAL INTELLIGENCE AND DATA SCIENCE,Mr. PREMKUMAR C AIDS,premkumar@bitsathy.ac.in,AD11069,84,53,31,63.10%,MEDIUM
92,IV,7376232AD192,MAKESH  M,9587835623,makesh.ad23@bitsathy.ac.in,MAGESH M,9071416093,7376232ad192.parent@bitsathy.ac.in,B. Tech.,ARTIFICIAL INTELLIGENCE AND DATA SCIENCE,Mr. PREMKUMAR C AIDS,premkumar@bitsathy.ac.in,AD11069,84,72,12,85.71%,HIGH
93,IV,7376232AD193,MALARVIZHI A,9342038096,malarvizhi.ad23@bitsathy.ac.in,PRAKASH P,9339017497,7376232ad193.parent@bitsathy.ac.in,B. Tech.,ARTIFICIAL INTELLIGENCE AND DATA SCIENCE,Mr. PREMKUMAR C AIDS,premkumar@bitsathy.ac.in,AD11069,84,64,20,76.19%,MEDIUM
94,IV,7376232AD194,MOHAMED FURHAAN A,9976724318,mohamedfurhaan.ad23@bitsathy.ac.in,KARUNANIDHI S,9153656787,7376232ad194.parent@bitsathy.ac.in,B. Tech.,ARTIFICIAL INTELLIGENCE AND DATA SCIENCE,Mr. PREMKUMAR C AIDS,premkumar@bitsathy.ac.in,AD11069,84,84,0,100.00%,HIGH
95,IV,7376232AD195,MOHAMMED AFEEF M,9895177463,mohammedafeef.ad23@bitsathy.ac.in,GOPALAKRISHNAN K,9553356648,7376232ad195.parent@bitsathy.ac.in,B. Tech.,ARTIFICIAL INTELLIGENCE AND DATA SCIENCE,Mr. PREMKUMAR C AIDS,premkumar@bitsathy.ac.in,AD11069,84,57,27,67.86%,MEDIUM
96,IV,7376232AD196,MONIKA N,9942960486,monika.ad23@bitsathy.ac.in,RAJASEKAR R,9487065897,7376232ad196.parent@bitsathy.ac.in,B. Tech.,ARTIFICIAL INTELLIGENCE AND DATA SCIENCE,Mr. PREMKUMAR C AIDS,premkumar@bitsathy.ac.in,AD11069,84,76,8,90.48%,HIGH
97,IV,7376232AD197,MOUNEESH D,9028793521,mouneesh.ad23@bitsathy.ac.in,ARUL M,9989085756,7376232ad197.parent@bitsathy.ac.in,B. Tech.,ARTIFICIAL INTELLIGENCE AND DATA SCIENCE,Mrs. RESHMI T S AIDS,reshmits@bitsathy.ac.in,AD11089,84,62,22,73.81%,MEDIUM
98,IV,7376232AD198,MOWLIKA M,9237582753,mowlika.ad23@bitsathy.ac.in,SIVARAMAN P,9177997835,7376232ad198.parent@bitsathy.ac.in,B. Tech.,ARTIFICIAL INTELLIGENCE AND DATA SCIENCE,Mrs. RESHMI T S AIDS,reshmits@bitsathy.ac.in,AD11089,84,51,33,60.71%,MEDIUM
99,IV,7376232AD199,MYTHISH S,9374449117,mythish.ad23@bitsathy.ac.in,VIJAY S,9883540032,7376232ad199.parent@bitsathy.ac.in,B. Tech.,ARTIFICIAL INTELLIGENCE AND DATA SCIENCE,Mrs. RESHMI T S AIDS,reshmits@bitsathy.ac.in,AD11089,84,70,14,83.33%,HIGH
100,IV,7376232AD200,NALINA  K,9825716351,nalina.ad23@bitsathy.ac.in,KANNIAPPAN K,9316949661,7376232ad200.parent@bitsathy.ac.in,B. Tech.,ARTIFICIAL INTELLIGENCE AND DATA SCIENCE,Mrs. RESHMI T S AIDS,reshmits@bitsathy.ac.in,AD11089,84,59,25,70.24%,MEDIUM
101,IV,7376232AD201,NANDHAVARNAN V S,9643562938,nandhavarnan.ad23@bitsathy.ac.in,DANIEL R,9343004173,7376232ad201.parent@bitsathy.ac.in,B. Tech.,ARTIFICIAL INTELLIGENCE AND DATA SCIENCE,Mrs. RESHMI T S AIDS,reshmits@bitsathy.ac.in,AD11089,84,78,6,92.86%,HIGH
102,IV,7376232AD202,NANDIDWAJ  R G,9764566447,nandidwaj.ad23@bitsathy.ac.in,JOHN M,9954597151,7376232ad202.parent@bitsathy.ac.in,B. Tech.,ARTIFICIAL INTELLIGENCE AND DATA SCIENCE,Mrs. RESHMI T S AIDS,reshmits@bitsathy.ac.in,AD11089,84,65,19,77.38%,MEDIUM
103,IV,7376232AD203,NIRANJAN V,9133586803,niranjan.ad23@bitsathy.ac.in,ANTONY P,9570652944,7376232ad203.parent@bitsathy.ac.in,B. Tech.,ARTIFICIAL INTELLIGENCE AND DATA SCIENCE,Mrs. RESHMI T S AIDS,reshmits@bitsathy.ac.in,AD11089,84,54,30,64.29%,MEDIUM
104,IV,7376232AD204,NITHISHKUMAR K C,9867063640,nithishkumar.ad23@bitsathy.ac.in,MICHAEL S,9202089718,7376232ad204.parent@bitsathy.ac.in,B. Tech.,ARTIFICIAL INTELLIGENCE AND DATA SCIENCE,Mrs. RESHMI T S AIDS,reshmits@bitsathy.ac.in,AD11089,84,83,1,98.81%,HIGH
105,IV,7376232AD205,NIVAS M R,9966775038,nivas.ad23@bitsathy.ac.in,SAMUEL K,9213026694,7376232ad205.parent@bitsathy.ac.in,B. Tech.,ARTIFICIAL INTELLIGENCE AND DATA SCIENCE,Mrs. RESHMI T S AIDS,reshmits@bitsathy.ac.in,AD11089,84,67,17,79.76%,MEDIUM
106,IV,7376232AD206,PARTHIBAN S,9442102762,parthiban.ad23@bitsathy.ac.in,DAVID R,9945862630,7376232ad206.parent@bitsathy.ac.in,B. Tech.,ARTIFICIAL INTELLIGENCE AND DATA SCIENCE,Mrs. RESHMI T S AIDS,reshmits@bitsathy.ac.in,AD11089,84,60,24,71.43%,MEDIUM
107,IV,7376232AD207,PAVITHRA M,9918040031,pavithra.ad23@bitsathy.ac.in,PETER M,9863825297,7376232ad207.parent@bitsathy.ac.in,B. Tech.,ARTIFICIAL INTELLIGENCE AND DATA SCIENCE,Mrs. RESHMI T S AIDS,reshmits@bitsathy.ac.in,AD11089,84,75,9,89.29%,HIGH
108,IV,7376232AD208,POOJA P B,9168386385,pooja.ad23@bitsathy.ac.in,JOSEPH P,9034492477,7376232ad208.parent@bitsathy.ac.in,B. Tech.,ARTIFICIAL INTELLIGENCE AND DATA SCIENCE,Mrs. RESHMI T S AIDS,reshmits@bitsathy.ac.in,AD11089,84,52,32,61.90%,MEDIUM
109,IV,7376232AD209,POORNESH S,9268454984,poornesh.ad23@bitsathy.ac.in,MOSES S,9531980595,7376232ad209.parent@bitsathy.ac.in,B. Tech.,ARTIFICIAL INTELLIGENCE AND DATA SCIENCE,Mrs. RESHMI T S AIDS,reshmits@bitsathy.ac.in,AD11089,84,81,3,96.43%,HIGH
110,IV,7376232AD210,PRADEEP KUMAR  V,9036589541,pradeepkumar.ad23@bitsathy.ac.in,ABRAHAM K,9986913745,7376232ad210.parent@bitsathy.ac.in,B. Tech.,ARTIFICIAL INTELLIGENCE AND DATA SCIENCE,Mrs. RESHMI T S AIDS,reshmits@bitsathy.ac.in,AD11089,84,56,28,66.67%,MEDIUM
111,IV,7376232AD211,PRADEEP S,9203777886,pradeep.ad23@bitsathy.ac.in,MOHAMMED R,9005407242,7376232ad211.parent@bitsathy.ac.in,B. Tech.,ARTIFICIAL INTELLIGENCE AND DATA SCIENCE,Mrs. RESHMI T S AIDS,reshmits@bitsathy.ac.in,AD11089,84,73,11,86.90%,HIGH
112,IV,7376232AD212,PRADEEP S,9991908118,pradeeps.ad23@bitsathy.ac.in,ABDUL RAHMAN M,9901887147,7376232ad212.parent@bitsathy.ac.in,B. Tech.,ARTIFICIAL INTELLIGENCE AND DATA SCIENCE,Mrs. RESHMI T S AIDS,reshmits@bitsathy.ac.in,AD11089,84,68,16,80.95%,HIGH
113,IV,7376232AD213,PRANEETH K A,9703750977,praneeth.ad23@bitsathy.ac.in,AHAMED P,9519603030,7376232ad213.parent@bitsathy.ac.in,B. Tech.,ARTIFICIAL INTELLIGENCE AND DATA SCIENCE,Mrs. RESHMI T S AIDS,reshmits@bitsathy.ac.in,AD11089,84,49,35,58.33%,MEDIUM
114,IV,7376232AD214,PRANESH P,9212172478,pranesh.ad23@bitsathy.ac.in,ISMAIL S,9510348315,7376232ad214.parent@bitsathy.ac.in,B. Tech.,ARTIFICIAL INTELLIGENCE AND DATA SCIENCE,Mrs. RESHMI T S AIDS,reshmits@bitsathy.ac.in,AD11089,84,79,5,94.05%,HIGH
115,IV,7376232AD215,PRASAANTH M,9681822487,prasaanth.ad23@bitsathy.ac.in,YOUSUF K,9671569767,7376232ad215.parent@bitsathy.ac.in,B. Tech.,ARTIFICIAL INTELLIGENCE AND DATA SCIENCE,Mrs. RESHMI T S AIDS,reshmits@bitsathy.ac.in,AD11089,84,63,21,75.00%,MEDIUM
116,IV,7376232AD216,PRATHEEP S,9979859843,pratheep.ad23@bitsathy.ac.in,IBRAHIM R,9225676141,7376232ad216.parent@bitsathy.ac.in,B. Tech.,ARTIFICIAL INTELLIGENCE AND DATA SCIENCE,Mrs. RESHMI T S AIDS,reshmits@bitsathy.ac.in,AD11089,84,71,13,84.52%,HIGH
117,IV,7376232AD217,PRAVEEN A,9833412091,praveena.ad23@bitsathy.ac.in,BASHEER M,9757673271,7376232ad217.parent@bitsathy.ac.in,B. Tech.,ARTIFICIAL INTELLIGENCE AND DATA SCIENCE,Mrs. RESHMI T S AIDS,reshmits@bitsathy.ac.in,AD11089,84,58,26,69.05%,MEDIUM
118,IV,7376232AD218,PRIYADHARSHINI M,9541904163,priyadharshini.ad23@bitsathy.ac.in,RAHMAN P,9710634649,7376232ad218.parent@bitsathy.ac.in,B. Tech.,ARTIFICIAL INTELLIGENCE AND DATA SCIENCE,Mrs. RESHMI T S AIDS,reshmits@bitsathy.ac.in,AD11089,84,84,0,100.00%,HIGH
119,IV,7376232AD219,RAAM KUMAR K R,9434094258,raamkumar.ad23@bitsathy.ac.in,SALIM S,9515502470,7376232ad219.parent@bitsathy.ac.in,B. Tech.,ARTIFICIAL INTELLIGENCE AND DATA SCIENCE,Mrs. RESHMI T S AIDS,reshmits@bitsathy.ac.in,AD11089,84,55,29,65.48%,MEDIUM
120,IV,7376232AD220,RAGHUL S,9719691779,raghul.ad23@bitsathy.ac.in,MUSTAFA K,9320521008,7376232ad220.parent@bitsathy.ac.in,B. Tech.,ARTIFICIAL INTELLIGENCE AND DATA SCIENCE,Mrs. RESHMI T S AIDS,reshmits@bitsathy.ac.in,AD11089,84,66,18,78.57%,MEDIUM
121,IV,7376232AD221,RAJESHWARAN R,9350424907,rajeshwaran.ad23@bitsathy.ac.in,SHAHUL R,9924092471,7376232ad221.parent@bitsathy.ac.in,B. Tech.,ARTIFICIAL INTELLIGENCE AND DATA SCIENCE,Mrs. RESHMI T S AIDS,reshmits@bitsathy.ac.in,AD11089,84,77,7,91.67%,HIGH
122,IV,7376232AD222,RAVI PRAVIN M,9931672999,ravipravin.ad23@bitsathy.ac.in,JAMAL M,9804776645,7376232ad222.parent@bitsathy.ac.in,B. Tech.,ARTIFICIAL INTELLIGENCE AND DATA SCIENCE,Mrs. MANOCHITRA A S AIDS,manochitra@bitsathy.ac.in,AD11169,84,61,23,72.62%,MEDIUM
123,IV,7376232AD223,RINDHUJA  C B,9142030309,rindhuja.ad23@bitsathy.ac.in,FAROOQ P,9276740084,7376232ad223.parent@bitsathy.ac.in,B. Tech.,ARTIFICIAL INTELLIGENCE AND DATA SCIENCE,Mrs. MANOCHITRA A S AIDS,manochitra@bitsathy.ac.in,AD11169,84,50,34,59.52%,MEDIUM
124,IV,7376232AD224,RITHU SHRI  G K,9649377725,rithushri.ad23@bitsathy.ac.in,NASAR S,9686995852,7376232ad224.parent@bitsathy.ac.in,B. Tech.,ARTIFICIAL INTELLIGENCE AND DATA SCIENCE,Mrs. MANOCHITRA A S AIDS,manochitra@bitsathy.ac.in,AD11169,84,72,12,85.71%,HIGH
125,IV,7376232AD225,ROSHITHA D,9153586310,roshitha.ad23@bitsathy.ac.in,KADER K,9151884689,7376232ad225.parent@bitsathy.ac.in,B. Tech.,ARTIFICIAL INTELLIGENCE AND DATA SCIENCE,Mrs. MANOCHITRA A S AIDS,manochitra@bitsathy.ac.in,AD11169,84,80,4,95.24%,HIGH
126,IV,7376232AD226,SAANJHAY N,9629174507,saanjhayn.ad23@bitsathy.ac.in,RAFI R,9707030490,7376232ad226.parent@bitsathy.ac.in,B. Tech.,ARTIFICIAL INTELLIGENCE AND DATA SCIENCE,Mrs. MANOCHITRA A S AIDS,manochitra@bitsathy.ac.in,AD11169,84,54,30,64.29%,MEDIUM
127,IV,7376232AD227,SABARISH V,9432132165,sabarish.ad23@bitsathy.ac.in,IMRAN M,9339094446,7376232ad227.parent@bitsathy.ac.in,B. Tech.,ARTIFICIAL INTELLIGENCE AND DATA SCIENCE,Mrs. MANOCHITRA A S AIDS,manochitra@bitsathy.ac.in,AD11169,84,69,15,82.14%,HIGH
128,IV,7376232AD228,SAHANA  S,9879868885,sahana.ad23@bitsathy.ac.in,ASLAM P,9837998120,7376232ad228.parent@bitsathy.ac.in,B. Tech.,ARTIFICIAL INTELLIGENCE AND DATA SCIENCE,Mrs. MANOCHITRA A S AIDS,manochitra@bitsathy.ac.in,AD11169,84,57,27,67.86%,MEDIUM
129,IV,7376232AD229,SAILESH KUMAR M,9624610351,saileshkumar.ad23@bitsathy.ac.in,AZEEM S,9851161669,7376232ad229.parent@bitsathy.ac.in,B. Tech.,ARTIFICIAL INTELLIGENCE AND DATA SCIENCE,Mrs. MANOCHITRA A S AIDS,manochitra@bitsathy.ac.in,AD11169,84,82,2,97.62%,HIGH
130,IV,7376232AD230,SAKTHI SARAVANAN P,9651328882,sakthisaravanan.ad23@bitsathy.ac.in,HAMEED K,9502835957,7376232ad230.parent@bitsathy.ac.in,B. Tech.,ARTIFICIAL INTELLIGENCE AND DATA SCIENCE,Mrs. MANOCHITRA A S AIDS,manochitra@bitsathy.ac.in,AD11169,84,64,20,76.19%,MEDIUM
131,IV,7376232AD231,SAKTHI SUNDAR V,9381545005,sakthisundar.ad23@bitsathy.ac.in,KHALEEL R,9194864334,7376232ad231.parent@bitsathy.ac.in,B. Tech.,ARTIFICIAL INTELLIGENCE AND DATA SCIENCE,Mrs. MANOCHITRA A S AIDS,manochitra@bitsathy.ac.in,AD11169,84,75,9,89.29%,HIGH
132,IV,7376232AD232,SAM DANIEL J,9501012069,samdaniel.ad23@bitsathy.ac.in,MANSOOR M,9355113860,7376232ad232.parent@bitsathy.ac.in,B. Tech.,ARTIFICIAL INTELLIGENCE AND DATA SCIENCE,Mrs. MANOCHITRA A S AIDS,manochitra@bitsathy.ac.in,AD11169,84,53,31,63.10%,MEDIUM
133,IV,7376232AD233,SAMSKRITI L,9337437535,samskriti.ad23@bitsathy.ac.in,NIZAR P,9360415333,7376232ad233.parent@bitsathy.ac.in,B. Tech.,ARTIFICIAL INTELLIGENCE AND DATA SCIENCE,Mrs. MANOCHITRA A S AIDS,manochitra@bitsathy.ac.in,AD11169,84,78,6,92.86%,HIGH
134,IV,7376232AD234,SANDHIYA S,9030932600,sandhiya.ad23@bitsathy.ac.in,SALMAN S,9080757068,7376232ad234.parent@bitsathy.ac.in,B. Tech.,ARTIFICIAL INTELLIGENCE AND DATA SCIENCE,Mrs. MANOCHITRA A S AIDS,manochitra@bitsathy.ac.in,AD11169,84,60,24,71.43%,MEDIUM
135,IV,7376232AD235,SANDHYA S,9281965166,sandhya.ad23@bitsathy.ac.in,FARHAN K,9004440185,7376232ad235.parent@bitsathy.ac.in,B. Tech.,ARTIFICIAL INTELLIGENCE AND DATA SCIENCE,Mrs. MANOCHITRA A S AIDS,manochitra@bitsathy.ac.in,AD11169,84,67,17,79.76%,MEDIUM
136,IV,7376232AD236,SANDHYAA  K,9332754485,sandhyaa.ad23@bitsathy.ac.in,ADAM R,9172893312,7376232ad236.parent@bitsathy.ac.in,B. Tech.,ARTIFICIAL INTELLIGENCE AND DATA SCIENCE,Mrs. MANOCHITRA A S AIDS,manochitra@bitsathy.ac.in,AD11169,84,51,33,60.71%,MEDIUM
137,IV,7376232AD237,SANJAY M,9456734893,sanjay.ad23@bitsathy.ac.in,MARIAPPAN M,9978071705,7376232ad237.parent@bitsathy.ac.in,B. Tech.,ARTIFICIAL INTELLIGENCE AND DATA SCIENCE,Mrs. MANOCHITRA A S AIDS,manochitra@bitsathy.ac.in,AD11169,84,83,1,98.81%,HIGH
138,IV,7376232AD238,SANJAY M,9756964019,sanjaym.ad23@bitsathy.ac.in,THIRUMALAI P,9161110509,7376232ad238.parent@bitsathy.ac.in,B. Tech.,ARTIFICIAL INTELLIGENCE AND DATA SCIENCE,Mrs. MANOCHITRA A S AIDS,manochitra@bitsathy.ac.in,AD11169,84,62,22,73.81%,MEDIUM
139,IV,7376232AD239,SANJAYKUMAR S C,9991618699,sanjaykumar.ad23@bitsathy.ac.in,KUMARESAN S,9328116690,7376232ad239.parent@bitsathy.ac.in,B. Tech.,ARTIFICIAL INTELLIGENCE AND DATA SCIENCE,Mrs. MANOCHITRA A S AIDS,manochitra@bitsathy.ac.in,AD11169,84,74,10,88.10%,HIGH
140,IV,7376232AD240,SANTHIYA R,9885215747,santhiyar.ad23@bitsathy.ac.in,SIVASANKAR K,9796999413,7376232ad240.parent@bitsathy.ac.in,B. Tech.,ARTIFICIAL INTELLIGENCE AND DATA SCIENCE,Mrs. MANOCHITRA A S AIDS,manochitra@bitsathy.ac.in,AD11169,84,56,28,66.67%,MEDIUM
141,IV,7376232AD241,SANTHIYA S,9767145832,santhiya.ad23@bitsathy.ac.in,RAJAGOPAL R,9766060380,7376232ad241.parent@bitsathy.ac.in,B. Tech.,ARTIFICIAL INTELLIGENCE AND DATA SCIENCE,Mrs. MANOCHITRA A S AIDS,manochitra@bitsathy.ac.in,AD11169,84,70,14,83.33%,HIGH
142,IV,7376232AD242,SANUSHA S,9662846062,sanusha.ad23@bitsathy.ac.in,MAYILSAMY M,9746092025,7376232ad242.parent@bitsathy.ac.in,B. Tech.,ARTIFICIAL INTELLIGENCE AND DATA SCIENCE,Mrs. MANOCHITRA A S AIDS,manochitra@bitsathy.ac.in,AD11169,84,59,25,70.24%,MEDIUM
143,IV,7376232AD243,SARAN  A,9592748264,saran.ad23@bitsathy.ac.in,CHINNASAMY P,9150871362,7376232ad243.parent@bitsathy.ac.in,B. Tech.,ARTIFICIAL INTELLIGENCE AND DATA SCIENCE,Mrs. MANOCHITRA A S AIDS,manochitra@bitsathy.ac.in,AD11169,84,81,3,96.43%,HIGH
144,IV,7376232AD244,SARANYA K,9499215048,saranya.ad23@bitsathy.ac.in,PONNUSAMY S,9276450627,7376232ad244.parent@bitsathy.ac.in,B. Tech.,ARTIFICIAL INTELLIGENCE AND DATA SCIENCE,Mrs. MANOCHITRA A S AIDS,manochitra@bitsathy.ac.in,AD11169,84,65,19,77.38%,MEDIUM
145,IV,7376232AD245,SASTHIKA D,9615668833,sasthika.ad23@bitsathy.ac.in,PERIYASAMY K,9014223918,7376232ad245.parent@bitsathy.ac.in,B. Tech.,ARTIFICIAL INTELLIGENCE AND DATA SCIENCE,Mrs. MANOCHITRA A S AIDS,manochitra@bitsathy.ac.in,AD11169,84,52,32,61.90%,MEDIUM
146,IV,7376232AD246,SELVA SHARAN P,9803101649,selvasharan.ad23@bitsathy.ac.in,KOVINDARAJ R,9708595007,7376232ad246.parent@bitsathy.ac.in,B. Tech.,ARTIFICIAL INTELLIGENCE AND DATA SCIENCE,Mrs. MANOCHITRA A S AIDS,manochitra@bitsathy.ac.in,AD11169,84,76,8,90.48%,HIGH
147,IV,7376232AD247,SHALINI H,9615992010,shalini.ad23@bitsathy.ac.in,DHANDAPANI M,9521062317,7376232ad247.parent@bitsathy.ac.in,B. Tech.,ARTIFICIAL INTELLIGENCE AND DATA SCIENCE,Dr. SUBBULAKSHMI M AIDS,subbulakshmi@bitsathy.ac.in,AD11096,84,68,16,80.95%,HIGH
148,IV,7376232AD248,SHAMYRAJ S M,9253099383,shamyraj.ad23@bitsathy.ac.in,VELAYUTHAM P,9270686488,7376232ad248.parent@bitsathy.ac.in,B. Tech.,ARTIFICIAL INTELLIGENCE AND DATA SCIENCE,Dr. SUBBULAKSHMI M AIDS,subbulakshmi@bitsathy.ac.in,AD11096,84,84,0,100.00%,HIGH
149,IV,7376232AD249,SHANJAY DEV  B,9046614331,shanjaydev.ad23@bitsathy.ac.in,MUTHU S,9407712349,7376232ad249.parent@bitsathy.ac.in,B. Tech.,ARTIFICIAL INTELLIGENCE AND DATA SCIENCE,Dr. SUBBULAKSHMI M AIDS,subbulakshmi@bitsathy.ac.in,AD11096,84,55,29,65.48%,MEDIUM
150,IV,7376232AD250,SHARVAAESH  S K,9051220709,sharvaaesh.ad23@bitsathy.ac.in,SENGUTTUVAN K,9835547186,7376232ad250.parent@bitsathy.ac.in,B. Tech.,ARTIFICIAL INTELLIGENCE AND DATA SCIENCE,Dr. SUBBULAKSHMI M AIDS,subbulakshmi@bitsathy.ac.in,AD11096,84,73,11,86.90%,HIGH
151,IV,7376232AD251,SHARVESH G,9793232351,sharveshg.ad23@bitsathy.ac.in,GURUSAMY R,9480443973,7376232ad251.parent@bitsathy.ac.in,B. Tech.,ARTIFICIAL INTELLIGENCE AND DATA SCIENCE,Dr. SUBBULAKSHMI M AIDS,subbulakshmi@bitsathy.ac.in,AD11096,84,61,23,72.62%,MEDIUM
152,IV,7376232AD252,SHARVESH RAMALINGAM,9242226944,sharvesh.ad23@bitsathy.ac.in,KANDASAMY M,9478942737,7376232ad252.parent@bitsathy.ac.in,B. Tech.,ARTIFICIAL INTELLIGENCE AND DATA SCIENCE,Dr. SUBBULAKSHMI M AIDS,subbulakshmi@bitsathy.ac.in,AD11096,84,79,5,94.05%,HIGH
153,IV,7376232AD253,SHARVESWAR S,9061909920,sharveswar.ad23@bitsathy.ac.in,KARUPPASAMY P,9749077178,7376232ad253.parent@bitsathy.ac.in,B. Tech.,ARTIFICIAL INTELLIGENCE AND DATA SCIENCE,Dr. SUBBULAKSHMI M AIDS,subbulakshmi@bitsathy.ac.in,AD11096,84,50,34,59.52%,MEDIUM
154,IV,7376232AD254,SHIVANI E,9750189851,shivani.ad23@bitsathy.ac.in,RANGASAMY S,9146474999,7376232ad254.parent@bitsathy.ac.in,B. Tech.,ARTIFICIAL INTELLIGENCE AND DATA SCIENCE,Dr. SUBBULAKSHMI M AIDS,subbulakshmi@bitsathy.ac.in,AD11096,84,66,18,78.57%,MEDIUM
155,IV,7376232AD255,SHIYAM D,9156938308,shiyam.ad23@bitsathy.ac.in,VEERAPPAN K,9475594635,7376232ad255.parent@bitsathy.ac.in,B. Tech.,ARTIFICIAL INTELLIGENCE AND DATA SCIENCE,Dr. SUBBULAKSHMI M AIDS,subbulakshmi@bitsathy.ac.in,AD11096,84,82,2,97.62%,HIGH
156,IV,7376232AD256,SHRI SHETHRA R,9264216650,shrishethra.ad23@bitsathy.ac.in,MARIMUTHU R,9032430254,7376232ad256.parent@bitsathy.ac.in,B. Tech.,ARTIFICIAL INTELLIGENCE AND DATA SCIENCE,Dr. SUBBULAKSHMI M AIDS,subbulakshmi@bitsathy.ac.in,AD11096,84,57,27,67.86%,MEDIUM
157,IV,7376232AD257,SHYAM BENJAMIN J,9249093540,shyambenjamin.ad23@bitsathy.ac.in,PALANIVEL M,9552601045,7376232ad257.parent@bitsathy.ac.in,B. Tech.,ARTIFICIAL INTELLIGENCE AND DATA SCIENCE,Dr. SUBBULAKSHMI M AIDS,subbulakshmi@bitsathy.ac.in,AD11096,84,71,13,84.52%,HIGH
158,IV,7376232AD258,SIBIRAJ S,9252019302,sibiraj.ad23@bitsathy.ac.in,THIRUNAVUKKARASU P,9719137470,7376232ad258.parent@bitsathy.ac.in,B. Tech.,ARTIFICIAL INTELLIGENCE AND DATA SCIENCE,Dr. SUBBULAKSHMI M AIDS,subbulakshmi@bitsathy.ac.in,AD11096,84,63,21,75.00%,MEDIUM
159,IV,7376232AD259,SIVA KIRUTHIGA T,9316720922,sivakiruthiga.ad23@bitsathy.ac.in,ARUMUGAM K,9109795477,7376232ad259.parent@bitsathy.ac.in,B. Tech.,ARTIFICIAL INTELLIGENCE AND DATA SCIENCE,Dr. SUBBULAKSHMI M AIDS,subbulakshmi@bitsathy.ac.in,AD11096,84,78,6,92.86%,HIGH
160,IV,7376232AD260,SIVAKAMI S,9776083843,sivakami.ad23@bitsathy.ac.in,SHANMUGAVEL S,9189069951,7376232ad260.parent@bitsathy.ac.in,B. Tech.,ARTIFICIAL INTELLIGENCE AND DATA SCIENCE,Dr. SUBBULAKSHMI M AIDS,subbulakshmi@bitsathy.ac.in,AD11096,84,54,30,64.29%,MEDIUM
161,IV,7376232AD261,SIVAPRAKASH P,9985155327,sivaprakash.ad23@bitsathy.ac.in,ELUMALAI R,9950468145,7376232ad261.parent@bitsathy.ac.in,B. Tech.,ARTIFICIAL INTELLIGENCE AND DATA SCIENCE,Dr. SUBBULAKSHMI M AIDS,subbulakshmi@bitsathy.ac.in,AD11096,84,80,4,95.24%,HIGH
162,IV,7376232AD262,SIVASUDHIKSHA J M,9093733851,sivasudhiksha.ad23@bitsathy.ac.in,SIVAGNANAM M,9571454635,7376232ad262.parent@bitsathy.ac.in,B. Tech.,ARTIFICIAL INTELLIGENCE AND DATA SCIENCE,Dr. SUBBULAKSHMI M AIDS,subbulakshmi@bitsathy.ac.in,AD11096,84,69,15,82.14%,HIGH
163,IV,7376232AD263,SOUNTHARYA R,9912765357,sountharyar.ad23@bitsathy.ac.in,MUTHIAH P,9919595248,7376232ad263.parent@bitsathy.ac.in,B. Tech.,ARTIFICIAL INTELLIGENCE AND DATA SCIENCE,Dr. SUBBULAKSHMI M AIDS,subbulakshmi@bitsathy.ac.in,AD11096,84,58,26,69.05%,MEDIUM
164,IV,7376232AD264,SREEVARSHA S,9228638946,sreevarsha.ad23@bitsathy.ac.in,SENAPATHI K,9816043876,7376232ad264.parent@bitsathy.ac.in,B. Tech.,ARTIFICIAL INTELLIGENCE AND DATA SCIENCE,Dr. SUBBULAKSHMI M AIDS,subbulakshmi@bitsathy.ac.in,AD11096,84,75,9,89.29%,HIGH
165,IV,7376232AD265,SUBASH RAJAN B,9046458694,subashrajan.ad23@bitsathy.ac.in,RAVINDRAN S,9128701838,7376232ad265.parent@bitsathy.ac.in,B. Tech.,ARTIFICIAL INTELLIGENCE AND DATA SCIENCE,Dr. SUBBULAKSHMI M AIDS,subbulakshmi@bitsathy.ac.in,AD11096,84,52,32,61.90%,MEDIUM
166,IV,7376232AD266,SUBASRI R,9374677745,subasri.ad23@bitsathy.ac.in,RAJENDRAN V,9372587910,7376232ad266.parent@bitsathy.ac.in,B. Tech.,ARTIFICIAL INTELLIGENCE AND DATA SCIENCE,Dr. SUBBULAKSHMI M AIDS,subbulakshmi@bitsathy.ac.in,AD11096,84,84,0,100.00%,HIGH
167,IV,7376232AD267,SUJAN S,9570999788,sujan.ad23@bitsathy.ac.in,KANNAN P,9841740829,7376232ad267.parent@bitsathy.ac.in,B. Tech.,ARTIFICIAL INTELLIGENCE AND DATA SCIENCE,Dr. SUBBULAKSHMI M AIDS,subbulakshmi@bitsathy.ac.in,AD11096,84,60,24,71.43%,MEDIUM
168,IV,7376232AD268,SUMAIYA F,9529034133,sumaiya.ad23@bitsathy.ac.in,SURESH R,9697179974,7376232ad268.parent@bitsathy.ac.in,B. Tech.,ARTIFICIAL INTELLIGENCE AND DATA SCIENCE,Dr. SUBBULAKSHMI M AIDS,subbulakshmi@bitsathy.ac.in,AD11096,84,67,17,79.76%,MEDIUM
169,IV,7376232AD269,SUMMANAVAISHNAVI S R,9733291908,summanavaishnavi.ad23@bitsathy.ac.in,MURUGAN K,9945365529,7376232ad269.parent@bitsathy.ac.in,B. Tech.,ARTIFICIAL INTELLIGENCE AND DATA SCIENCE,Dr. SUBBULAKSHMI M AIDS,subbulakshmi@bitsathy.ac.in,AD11096,84,55,29,65.48%,MEDIUM
170,IV,7376232AD270,SURESH  S U,9623616311,suresh.ad23@bitsathy.ac.in,SENTHIL M,9885913221,7376232ad270.parent@bitsathy.ac.in,B. Tech.,ARTIFICIAL INTELLIGENCE AND DATA SCIENCE,Dr. SUBBULAKSHMI M AIDS,subbulakshmi@bitsathy.ac.in,AD11096,84,77,7,91.67%,HIGH
171,IV,7376232AD271,SUSHMA P,9166305891,sushma.ad23@bitsathy.ac.in,BALASUBRAMANIAM P,9173848717,7376232ad271.parent@bitsathy.ac.in,B. Tech.,ARTIFICIAL INTELLIGENCE AND DATA SCIENCE,Dr. SUBBULAKSHMI M AIDS,subbulakshmi@bitsathy.ac.in,AD11096,84,62,22,73.81%,MEDIUM
172,IV,7376232AD272,THAMARAI KABILAN T,9434101022,thamaraikabilan.ad23@bitsathy.ac.in,MUTHU S,9660196623,7376232ad272.parent@bitsathy.ac.in,B. Tech.,ARTIFICIAL INTELLIGENCE AND DATA SCIENCE,Mrs. KALPANA R AIDS,kalpana@bitsathy.ac.in,AD11104,84,81,3,96.43%,HIGH
173,IV,7376232AD273,THARUNIKA  K P,9552170987,tharunika.ad23@bitsathy.ac.in,SENGUTTUVAN K,9474343673,7376232ad273.parent@bitsathy.ac.in,B. Tech.,ARTIFICIAL INTELLIGENCE AND DATA SCIENCE,Mrs. KALPANA R AIDS,kalpana@bitsathy.ac.in,AD11104,84,49,35,58.33%,MEDIUM
174,IV,7376232AD274,THILAK  K,9073999658,thilak.ad23@bitsathy.ac.in,GURUSAMY R,9082759854,7376232ad274.parent@bitsathy.ac.in,B. Tech.,ARTIFICIAL INTELLIGENCE AND DATA SCIENCE,Mrs. KALPANA R AIDS,kalpana@bitsathy.ac.in,AD11104,84,72,12,85.71%,HIGH
175,IV,7376232AD275,UDHAYAKARTHICK N,9837771039,udhayakarthick.ad23@bitsathy.ac.in,KANDASAMY M,9126138340,7376232ad275.parent@bitsathy.ac.in,B. Tech.,ARTIFICIAL INTELLIGENCE AND DATA SCIENCE,Mrs. KALPANA R AIDS,kalpana@bitsathy.ac.in,AD11104,84,64,20,76.19%,MEDIUM
176,IV,7376232AD276,VASANTH S,9135129892,vasanth.ad23@bitsathy.ac.in,KARUPPASAMY P,9883089823,7376232ad276.parent@bitsathy.ac.in,B. Tech.,ARTIFICIAL INTELLIGENCE AND DATA SCIENCE,Mrs. KALPANA R AIDS,kalpana@bitsathy.ac.in,AD11104,84,79,5,94.05%,HIGH
177,IV,7376232AD277,VISHAL A,9089836307,vishala.ad23@bitsathy.ac.in,RANGASAMY S,9965089721,7376232ad277.parent@bitsathy.ac.in,B. Tech.,ARTIFICIAL INTELLIGENCE AND DATA SCIENCE,Mrs. KALPANA R AIDS,kalpana@bitsathy.ac.in,AD11104,84,56,28,66.67%,MEDIUM
178,IV,7376232AD278,VISHAL M,9801886743,vishal.ad23@bitsathy.ac.in,VEERAPPAN K,9808171432,7376232ad278.parent@bitsathy.ac.in,B. Tech.,ARTIFICIAL INTELLIGENCE AND DATA SCIENCE,Mrs. KALPANA R AIDS,kalpana@bitsathy.ac.in,AD11104,84,70,14,83.33%,HIGH
179,IV,7376232AD279,VISHAL MUTHUKUMAR,9993928026,vishalm.ad23@bitsathy.ac.in,MARIMUTHU R,9511742555,7376232ad279.parent@bitsathy.ac.in,B. Tech.,ARTIFICIAL INTELLIGENCE AND DATA SCIENCE,Mrs. KALPANA R AIDS,kalpana@bitsathy.ac.in,AD11104,84,53,31,63.10%,MEDIUM
180,IV,7376232AD280,VISHNU A,9158998668,vishnu.ad23@bitsathy.ac.in,PALANIVEL M,9509454792,7376232ad280.parent@bitsathy.ac.in,B. Tech.,ARTIFICIAL INTELLIGENCE AND DATA SCIENCE,Mrs. KALPANA R AIDS,kalpana@bitsathy.ac.in,AD11104,84,83,1,98.81%,HIGH
181,IV,7376232AD281,VISHNU DHARAN K,9959954163,vishnudharan.ad23@bitsathy.ac.in,THIRUNAVUKKARASU P,9112048184,7376232ad281.parent@bitsathy.ac.in,B. Tech.,ARTIFICIAL INTELLIGENCE AND DATA SCIENCE,Mrs. KALPANA R AIDS,kalpana@bitsathy.ac.in,AD11104,84,61,23,72.62%,MEDIUM
182,IV,7376232AD282,VIYASH L D,9623411052,viyash.ad23@bitsathy.ac.in,ARUMUGAM K,9728577663,7376232ad282.parent@bitsathy.ac.in,B. Tech.,ARTIFICIAL INTELLIGENCE AND DATA SCIENCE,Mrs. KALPANA R AIDS,kalpana@bitsathy.ac.in,AD11104,84,74,10,88.10%,HIGH
183,IV,7376232AD283,YAJENTHAN  R,9496122846,yajenthan.ad23@bitsathy.ac.in,SHANMUGAVEL S,9729557032,7376232ad283.parent@bitsathy.ac.in,B. Tech.,ARTIFICIAL INTELLIGENCE AND DATA SCIENCE,Mrs. KALPANA R AIDS,kalpana@bitsathy.ac.in,AD11104,84,58,26,69.05%,MEDIUM
184,IV,7376232AD284,YOHATHA S,9981068560,yohathas.ad23@bitsathy.ac.in,ELUMALAI R,9879290861,7376232ad284.parent@bitsathy.ac.in,B. Tech.,ARTIFICIAL INTELLIGENCE AND DATA SCIENCE,Mrs. KALPANA R AIDS,kalpana@bitsathy.ac.in,AD11104,84,68,16,80.95%,HIGH
185,IV,7376232AD285,YOKESHWARI M,9606856039,yokeshwari.ad23@bitsathy.ac.in,SIVAGNANAM M,9587028924,7376232ad285.parent@bitsathy.ac.in,B. Tech.,ARTIFICIAL INTELLIGENCE AND DATA SCIENCE,Mrs. KALPANA R AIDS,kalpana@bitsathy.ac.in,AD11104,84,80,4,95.24%,HIGH
186,IV,7376232AD286,YUVARAJ S,9997301580,yuvarajs.ad23@bitsathy.ac.in,MUTHIAH P,9046148820,7376232ad286.parent@bitsathy.ac.in,B. Tech.,ARTIFICIAL INTELLIGENCE AND DATA SCIENCE,Mrs. KALPANA R AIDS,kalpana@bitsathy.ac.in,AD11104,84,51,33,60.71%,MEDIUM
187,IV,7376242AD501,ABIRAMI N M,9314597071,abiraminm.ad23@bitsathy.ac.in,SENAPATHI K,9956284533,7376242ad501.parent@bitsathy.ac.in,B. Tech.,ARTIFICIAL INTELLIGENCE AND DATA SCIENCE,Mrs. KALPANA R AIDS,kalpana@bitsathy.ac.in,AD11104,84,76,8,90.48%,HIGH
188,IV,7376242AD502,ARIVAZHAGAN G,9422019527,arivazhagang.ad23@bitsathy.ac.in,RAVINDRAN S,9264846380,7376242ad502.parent@bitsathy.ac.in,B. Tech.,ARTIFICIAL INTELLIGENCE AND DATA SCIENCE,Mrs. KALPANA R AIDS,kalpana@bitsathy.ac.in,AD11104,84,65,19,77.38%,MEDIUM
189,IV,7376242AD503,KANISH S,9310217907,kanishs.ad23@bitsathy.ac.in,RAJENDRAN V,9503630756,7376242ad503.parent@bitsathy.ac.in,B. Tech.,ARTIFICIAL INTELLIGENCE AND DATA SCIENCE,Mrs. KALPANA R AIDS,kalpana@bitsathy.ac.in,AD11104,84,57,27,67.86%,MEDIUM
190,IV,7376242AD504,KRISHNA PRASATH M,9432856059,krishnaprasathm.ad23@bitsathy.ac.in,KANNAN P,9125737207,7376242ad504.parent@bitsathy.ac.in,B. Tech.,ARTIFICIAL INTELLIGENCE AND DATA SCIENCE,Mrs. KALPANA R AIDS,kalpana@bitsathy.ac.in,AD11104,84,82,2,97.62%,HIGH
191,IV,7376242AD505,MANOJ KUMAR V,9214566081,manojkumarv.ad23@bitsathy.ac.in,SURESH R,9383276368,7376242ad505.parent@bitsathy.ac.in,B. Tech.,ARTIFICIAL INTELLIGENCE AND DATA SCIENCE,Mrs. KALPANA R AIDS,kalpana@bitsathy.ac.in,AD11104,84,54,30,64.29%,MEDIUM
192,IV,7376242AD506,NAVEEN KUMAR T,9983808434,naveenkumart.ad23@bitsathy.ac.in,MURUGAN K,9990318635,7376242ad506.parent@bitsathy.ac.in,B. Tech.,ARTIFICIAL INTELLIGENCE AND DATA SCIENCE,Mrs. KALPANA R AIDS,kalpana@bitsathy.ac.in,AD11104,84,71,13,84.52%,HIGH
193,IV,7376242AD507,SANTHOSH A,9950402659,santhosha.ad23@bitsathy.ac.in,MURUGAN D,9854883283,7376242ad507.parent@bitsathy.ac.in,B. Tech.,ARTIFICIAL INTELLIGENCE AND DATA SCIENCE,Mrs. KALPANA R AIDS,kalpana@bitsathy.ac.in,AD11104,84,63,21,75.00%,MEDIUM
194,IV,7376242AD508,THAVEEDHU V,9064895863,thaveedhuv.ad23@bitsathy.ac.in,RAVI K,9747693488,7376242ad508.parent@bitsathy.ac.in,B. Tech.,ARTIFICIAL INTELLIGENCE AND DATA SCIENCE,Mrs. KALPANA R AIDS,kalpana@bitsathy.ac.in,AD11104,84,78,6,92.86%,HIGH
195,IV,7376242AD509,VISHNUPRAKASH S,9448519898,vishnuprakashs.ad23@bitsathy.ac.in,KUMAR B,9408967733,7376242ad509.parent@bitsathy.ac.in,B. Tech.,ARTIFICIAL INTELLIGENCE AND DATA SCIENCE,Mrs. KALPANA R AIDS,kalpana@bitsathy.ac.in,AD11104,84,50,34,59.52%,MEDIUM
196,IV,7376242AD510,YENGESHWARAN J,9769188662,yengeshwaranj.ad23@bitsathy.ac.in,SIVAKUMAR K,9209731068,7376242ad510.parent@bitsathy.ac.in,B. Tech.,ARTIFICIAL INTELLIGENCE AND DATA SCIENCE,Mrs. KALPANA R AIDS,kalpana@bitsathy.ac.in,AD11104,84,69,15,82.14%,HIGH